Time (h),Cell 1,Cell 2,Cell 3,Cell 4,Cell 5,Cell 6,Cell 8,Cell 9,Cell 10,Cell 11,Cell 16,Cell 17,Cell 18,Cell 22,Cell 23,Cell 25,Cell 27,Cell 30,Cell 31,Cell 32,Cell 36,Cell 38,Cell 45,Cell 46,Background,Background,Background,Background
0,3203.635,3599.461,3664.849,3212.333,2749.192,2284.039,2781.12,2451.52,2490.291,2528.115,2409.75,2553.226,2191.385,2240.925,2082.904,2414.865,2471.784,3323.289,2171.83,3374.823,2148.365,2560.019,2110.537,1869.434,1982.519,2049.078,2193.692,1917.111
0.5,3067.412,3784.755,3966.673,3459.269,2760.569,2440.885,3120.431,2242.904,2925.1,2602.192,2449.596,2307.274,2185.585,2296.923,2030.308,2510.942,2712.34,2742.431,2074.02,3362.566,2306.211,2948.461,2250.189,1937.392,1948.962,1858.314,2023.404,1902.365
1,2987.769,3288.741,3420.25,3642.096,3064.365,2443.231,3252.873,2341.385,2864.519,2424,2350.461,2240.039,2330.385,2158.87,2123.846,2167.415,2771.539,2788.635,2054.231,3102.216,2176.531,3040.692,2283.096,1870.538,2014.615,1856.823,1976.308,1978.275
1.5,2856.849,3550.365,3987.961,3869.519,2923.547,2451.019,3773.423,2457.34,2953.941,2709.423,2203.481,2131.113,2672,2578.789,1916.25,2639.83,2579.673,2758.096,2104.961,3168.471,2204.075,3031.135,2183.731,1806.5,1876.327,1947.647,2099.942,1881.196
2,3114.769,3725.865,3947.827,3765.528,3192.755,2420.981,3867.52,2042.077,3070.327,2480.481,2398.698,2208.49,2138.115,2213.849,2062.54,2587.558,2496.154,2956.539,2211.673,2816.157,2190.922,3063.481,2130.759,2126.154,1814.654,1733.314,2041,1790.725
2.5,3070.308,3526.519,4510.961,4319.509,3059.808,2713.519,4048.784,2201.88,2903.333,2448.789,2352.654,2197.264,2292.373,2262.615,2091.211,2383.731,2803.208,3109.196,2206.923,2789.289,2104.827,3064.577,2352.423,1904.377,1953.942,1825.706,2036.712,1911.731
3,3004.539,3245.717,4348.627,3906.942,2850.865,2826.481,3569.51,2092.923,2957.385,2344.887,2614.961,2358.189,2159.736,2063.463,2302.235,2406.058,2707.528,3180.077,1929.673,2798.923,2227.423,2782.327,2436.077,1937.596,1828.808,1728.314,1954.75,1758.038
3.5,3036.961,3377.885,4908.154,3545.373,3199.461,2779.51,3235.461,2188.078,2854.058,2507.943,2470.863,2070.981,2265.019,2269.365,2025.296,2649.846,2620.404,3109.679,1776.863,2883.115,2263.442,2889.569,2366.947,1905.327,1727.333,1683.98,1950.654,1701.115
4,3281.423,3059.396,5177.346,3397.077,3069.019,2732.923,3796.51,2341.808,3081.039,2310.673,2512.66,2352.736,2466.423,2300.373,1913.962,2513.827,2963.056,2848.925,1660.725,2734.127,2226.423,2740.385,2443.528,1828.415,1760.981,1594.922,2014.115,1639.558
4.5,3122.327,2908.269,5148.519,3442.789,2653.885,2408.426,4343.176,2248.904,3259.078,2319.981,2394.08,2288.786,2398.442,2153.928,2218.741,2720.577,2862.078,3001.235,1827.577,2556.865,2403.115,2776.25,2395.673,2235.039,1752.796,1696,1943.135,1665.923
5,3222.245,2782.077,4959.942,3598.528,2701.061,2485.461,5122.673,2294.211,3501.274,2318.904,2234.278,2416.125,2494.4,2157.058,2168.442,2493.519,2916,3052.961,1695.385,2478.804,2412.547,2915.961,2546.333,2030.353,1656.778,1634.588,1762.173,1787.811
5.5,3225.736,2919.789,5142.231,3323.327,2707.585,2132.539,4595.547,2462.547,3517.094,2326.769,1897.151,2770.518,2280.423,2204.075,2151.943,2704.208,3019.726,3222.294,2054.471,2332.132,2491.778,2584.321,2411.396,2099.98,1819.778,1715.823,2021.549,1688.558
6,3236.889,2810.132,5319.096,3917.423,2372.882,2390.132,4308.528,2359.481,3546.434,2213.808,2224.02,2266.732,2014.352,2203.961,2260.137,2395.558,2742.885,2812.442,1723.769,2141.942,2385,2714.49,2719.654,1902.673,1773.667,1812.667,1840.745,1819.731
6.5,3371.692,2659.865,6003.706,3689.5,2696.726,2093.192,4376.077,2542.981,3159.615,2452.28,2023.712,2371.714,2100.373,2730.056,2150.585,2507.981,3034.962,2799.942,1894.385,2367.923,2306.308,2585.058,2713.423,1955,1597.259,1580.353,2051.667,1585.057
7,3609.865,2792.132,5521.289,3709.453,2337.765,2234.173,4387.596,2452.365,3143.154,2213.24,2160.208,2159.885,1999.392,2640.25,1913.34,2269.36,2830.269,2999.192,1823.759,2314.306,2650.804,2509.796,2906.654,2392.778,1512.463,1708.078,1782.769,1574.566
7.5,3294.982,2894.208,5774.396,3979.519,2649.365,2392.827,4127.157,2430.736,3095.019,2145.9,2155.654,2415.885,2217.717,2845.481,2139.769,2145.365,2740.942,2947.923,1791.904,2075.265,2567.404,2352.135,2686.765,2256.326,1748.685,1726.294,1955.654,1579.264
8,3613.588,2732.519,5845.255,3321.296,2262.377,2319.731,3870.577,2643.019,3421.846,2113.431,2195.269,2223.736,2232.588,2385.75,2004.231,2304.51,2982.461,2773.863,1776.423,1924.635,2461.549,2389.098,2830.75,2240,1523.704,1613.039,1733.115,1651.269
8.5,3993.42,2901.868,6334.5,4123.98,2609.096,2653.461,4111.453,2439.697,3277.211,2190.539,2285.396,2441.75,2304.302,2235.545,1963.453,2452.308,2975.765,2396.415,1877.792,2561.222,2401.8,2523.558,2549.321,2208.137,1755.315,1651.686,1756.019,1610.431
9,3834.96,2927.849,5880.673,3981.692,2582.906,2575.289,3830,2658.5,3016.865,2174.289,2582.211,2374.904,2568.627,2344.346,1886.846,2316.232,2755.528,2550.918,1939.962,2908.511,2385.442,2385.846,2683.784,1989.76,1627.37,1531.627,1777.846,1769.078
9.5,4221.12,2703.717,5020.961,3743.327,2458.961,2587.925,4152.755,2681.78,3263.453,2281.539,2677.039,2267.98,2449.094,2123.875,1917.115,2342.321,3339.451,2317.585,1957.667,2546.7,2856.88,2162.711,2458.135,2282.461,1546.778,1603.098,1799.808,1683.698
10,4330.491,2612.539,4895.906,3839.231,2804.865,2435.154,4252.906,2709.902,3223.039,2426.216,2612.177,2406.654,2485.902,2239.093,2001.333,2154.231,3329.115,2197.231,1978.788,2597.34,2407.673,2260.49,2600.692,1929.519,1722.741,1574.216,1825.712,1577.472
10.5,3619.679,2186.808,4347.137,3028.827,2917.264,2329.192,4174.461,2691.235,3243.863,2356.321,2414.827,2503.885,2703.51,2399.472,2011.961,1914.788,3269.352,2485.327,1865.66,2275.981,2856.192,2271.019,2774.66,2156.627,1739.87,1638.843,1788.288,1528.943
11,3752.077,2721.964,3976.549,4070.83,2261.154,2256.057,3858.057,2785.423,3361.566,2228.481,2567.685,2467.596,2618.113,2249.667,1784.923,2071.577,2988.964,2653.075,1992.094,2697.058,2686.096,2386.192,3132.961,2163.811,1668.389,1758.588,1863.25,1626.577
11.5,3885.539,2408,3422.887,4251.981,2170.902,2366.192,3677.726,2745.481,3241.868,2319.577,2521.942,2309.367,2634.808,2509.039,1811.333,1956.922,2949.784,2321.63,1894.286,2664.019,2604.098,2443.827,2669.846,2004.373,1776.704,1582.02,1805.827,1716.538
12,3489.226,2444.118,2965.346,4363.547,2502.453,2514.49,3572,3177.558,3406.51,2020.519,2381.759,2235.302,2727.269,2249.5,1852.32,2065.306,2699.196,2589.245,1918.736,2237.274,2755.981,2102.885,2455.961,2244.769,1772.63,1620.118,1811.717,1485.385
12.5,3836.3,2302.255,3586.189,4516.231,2512.211,2754.942,3398.34,3584.8,3530.077,2122.647,2915.673,2365.519,2473.358,2389.412,1870.13,1933.321,2984.24,2305,1880.731,2277.49,2889.857,2365.231,3034.711,2150.588,1724.741,1602.588,1842.231,1518.288
13,3666.78,2289.08,3597.192,4789.627,2709.283,2572.904,3499.923,4127.431,3354.925,2339.472,2718.692,2368.5,2175.346,2329.231,2227.321,2208.077,2829.875,2174.736,1729.038,2516.423,2515.231,2405.596,3018.711,2215.039,1626.463,1765.118,1975.365,1471.769
13.5,3774.16,2535.83,3248.346,4513.686,2851.461,2204.46,3558.431,3346.868,3380.077,2398.167,2522.706,2326.882,2588.096,2061.836,1833.17,2038.692,2949.333,2376.269,1902.769,2409.404,2537.096,2229.192,3148.289,2336.577,1723,1640.49,1863.058,1480.906
14,3688.679,2376.49,2896.87,4649.981,2689.115,2360.926,3558.423,3419.569,3223.904,2520.692,2372.5,2346.404,2612.823,2291.885,1910,1940.5,3314.692,2625.038,1897.904,2617.185,2574.192,2101.269,3201.135,2439.585,1556.093,1520.536,1804.442,1559.245
14.5,3647.846,2366.827,3357.846,4291.5,2813.846,2602.5,3047.196,3596.961,3442.056,2450.226,2705.327,2146.059,2621.789,2222.898,1743.093,2011.98,3123.549,2234.849,1830.706,2511.692,2673.096,2261.66,3479.412,2145.192,1696.63,1718.275,1777.25,1670.098
15,3648.808,2484.315,3512.654,4306.981,2847.745,2603.096,3322.808,3749.588,3274.38,2778.765,2773.792,2016.333,2644.442,2432.981,2094.189,1886.692,3124.882,2421.635,1859.596,2600.94,2512.961,2052.692,3264.385,2087.269,1703.685,1486.784,1840.558,1407.177
15.5,3946.346,2381.442,3630,3902.132,2820.711,2760.057,3275.789,3398.906,3203.569,2573.596,2874.289,1984.192,2777.962,2261.308,1898.365,1986.923,3375.706,2421.058,1971.404,2513.808,2656.686,1950.641,3536.058,2134.711,1545.556,1755.529,1932.558,1552.673
16,4508.173,2264.192,3508.154,4017.245,3319.923,2259.923,3009.558,3364.135,2928.686,2846.385,3060.135,2177,2431.392,2610.154,2026.538,1767.462,3107.289,2377.654,1833.654,2519.667,2642.453,1934.412,3170.539,2148.863,1677.907,1585.765,1835.731,1457.423
16.5,4257.461,2229.177,2992,3761.654,3522.077,2714.827,2768.882,3287.308,2907.843,2806.769,3035.135,1886.392,2736.346,2678.784,1969.264,1926.231,3436.192,2654.269,2083.923,2498.314,2916.077,1998.792,3529.442,2063.827,1545.815,1576,1762.519,1737.269
17,4456.38,2169.673,2826.49,4331.49,3816.539,2812.211,2964.385,3289.461,2629.5,3076.289,2918.789,2125.154,2817.692,2233.547,1980.731,1854.692,3327,2268.255,2183.082,2556.792,2846.686,1957.962,3001.211,1923.769,1683.407,1612.471,1798.077,1703.288
17.5,4601.039,2264.269,3198.519,3738.235,4056.481,3011.547,2900.528,3538.327,2680.642,2548.365,2701.885,2179.06,2952.615,2363.177,2074.461,1864.077,3167.904,2347.231,2180.365,2747.327,3078.686,1643,2655.925,2122.24,1353.611,1544.608,1727.423,1555.558
18,4534.863,2177.865,3311.471,3755.196,3253.792,2497.333,3447.792,3880.827,2375.24,3221.173,2301.51,2087.308,3024.346,2406.608,1997.961,1961.885,4077.346,2590.558,1875.981,2505.5,2949.731,1862.769,2667.302,2030.327,1675.722,1743.745,1836.321,1617.189
18.5,4057.56,2208.461,3099.264,3336.745,3331.442,2393.327,2936.453,3610.789,2640.944,3152.404,2370,2470.556,2809.404,2300.941,1897.698,2011.765,4530.283,2457.577,2084.596,2639.481,2749.706,1806.712,2987.49,2156.135,1642.056,1574.039,1736.736,1495.02
19,3968.365,2200.096,3212.235,4226.51,3314.539,2416.096,3053.333,3729.615,2445.635,3295.058,2302.623,2769.846,2946.192,2141.863,1957.135,1843.83,3995.528,2661.745,2215.481,2296.111,2701.549,1740.66,3337.726,1908.509,1684.593,1540.431,1756.075,1455.264
19.5,3617.074,2205.118,2865.25,3548.404,2670.843,2714.019,3027.627,3611.731,2574.2,2879.76,2247.75,2239.039,2423.667,2356.547,1827.647,2022.308,4423.558,2707.039,2008.157,2683.444,2667.077,2005.404,3305.588,2058.654,1595.426,1554.706,1872.057,1532.846
20,3457.314,2221.942,2428.588,3794.52,2619.5,2549.857,2649.192,3489.231,2428.25,3350.654,2627.769,2313.558,2336.385,2262.925,1877.627,1944.096,3385.058,2278.434,1914.615,2818.592,2631.642,1875.547,3471.863,1975.519,1546.278,1542.255,1724.686,1647.118
20.5,3326.098,1831.865,2739.077,3600.25,2503.453,2433.519,2728.365,3083.039,2300.654,3419.596,3150.461,2338.736,2637.885,2537.481,1811.118,1944.827,2640.463,2390.673,2137.566,2634.404,2850.75,1882.245,2951.827,1931.549,1611.722,1603.137,1916.941,1637.647
21,3395.078,2062.404,2509.925,3555.885,2742.692,2386.269,3147.423,3098.442,2296.423,2795.98,2961.25,2019.151,2455.898,2269,1842.547,1911.415,2673.392,2157.745,1801.423,2797.887,2746.308,1764.151,3106.327,1904.962,1573.833,1634.922,1693.823,1642.423
21.5,3486.755,2105.943,2653.039,3767.944,2643.5,2379.769,3354.981,2886.692,2158.222,3255.058,3073,2666.25,2460.846,1978.113,1856.843,1928.627,3079.849,2192.25,1869.784,2760.711,2980.577,1928.774,2979.673,2061.698,1583.444,1513.157,1818.808,1619.327
22,3463.42,1999,2502.902,3473.019,3215.731,2491.885,2996.157,3276.865,2172.962,3224.51,3102.66,2668.44,2382.711,2300.02,1780.192,1898.385,3091.623,2074.863,2018.585,2961.269,2724.274,1965.98,3273.885,1994.283,1684.981,1607.216,1708.558,1518.135
22.5,3188.46,2254.358,2520.346,3301.539,3146.577,2642.68,3258.731,4242.596,2483.711,3037.294,3664.784,2567.077,2657.125,2365.808,1964.259,2019.135,2938.283,2330.041,2178.75,2721.096,3130.283,1981.34,3296.17,1936.827,1620.519,1631.549,1837.943,1614.224
23,3260.442,2179.849,2598.808,3204.698,3481.731,2350.154,3359.529,3453.019,2436.208,3312.192,2967.154,2596.547,2503.125,2064.692,1928.255,2026.462,2425.904,2308.981,2018.019,2291.255,3128.472,2046.115,2941.385,2059.151,1578.019,1568.039,1814.774,1546.163
23.5,3752.173,2247.906,2562.558,3076.192,3340.333,2400.333,3371.137,3813.078,2352.25,3033.769,3190.642,2860.333,2641.596,2087.673,1865,1861.889,2430.231,2356.404,1981.673,2435.412,,1956.635,3097.472,2172.528,1703.796,1440.784,1799.321,1551.122
24,3209.66,1887.288,2425.154,3041.885,2758.904,2485.296,3295.692,3761.177,2266.889,3405.151,3660.385,2630.135,2123.925,2094,1951.873,1859.865,2913.711,2229.039,1911.654,2340,,2039.294,3151.434,2047.852,1572.827,1518.922,1587.472,1644.878
24.5,2703.231,2135.885,2170.615,2836.019,2722.673,2662.66,3587.373,3711.327,2600.204,3187.111,3095.039,2134.558,2141.654,1908.308,1945.038,2147.075,3150.115,2122.327,1774.5,2304.76,,2082.577,3205.216,1725.943,1498.923,1489.039,1863.453,1719.673
25,2900.789,2169.077,2171.019,2842.481,3535.808,2886.04,3479.132,3577.64,2333.396,3444.667,3350.923,,2114.726,1997.712,1785.096,1976.75,2840.471,2122.98,1926.922,2236.82,,1909.308,3253.843,1799.981,1544.769,1412.157,1850.717,1537.571
25.5,3256.059,1998.692,2351.51,2596.547,3518,2721.898,3649.679,3190.235,2278.944,3375.774,3076.289,,1991.058,1930.7,1911.98,1814.596,3420.346,2035.635,1788.923,2193.096,,2225.904,3500.039,1980.808,1680.75,1458.882,1942.151,1632.02
26,3403.846,2275.294,2601.389,2578.868,3582.115,2464.25,3419.943,4427.868,2213.654,3522.572,3588,,2133.135,1929.962,2212.698,1981.269,3181.615,2413.471,2084.558,2271.706,,2178.442,3200.51,2030.981,1524.962,1510.039,1713.453,1618.519
26.5,3736.887,1932.077,2380.269,2626.863,3638.019,2743.157,3425.196,4617.5,2248.115,3102.72,3738.852,,2015.49,1955.098,1886.981,1747.06,2771.596,2326.577,1910.885,2226.558,,1895.346,2793.346,1834.404,1576.615,1698.528,1810.094,1590.654
27,3624.843,2185,2443.154,2711.962,3621.904,2364.827,3881.823,4156.039,2164.039,3285.442,3562.404,,1996.232,1973.941,1826.058,1985.735,2630.981,2228.135,1897.057,2276.836,,1940.058,3109.981,1627.596,1446.442,1512.115,1875.641,1565.673
27.5,4127.211,2154.211,2340.863,2852.094,3624.34,2817.868,3327.981,2926.096,2243.906,2828.113,3294.922,,1857.635,1662.288,1869.453,1637.122,2852.269,2191.037,1936.315,2284.887,,2121.54,3264.692,,1666.5,1425.212,1751.359,1596.635
28,3972.961,2116.077,2326.321,2938.039,3927.1,2703.811,3008.056,2459.907,2529.235,2979.608,3025.569,,2017.423,1600.538,1798.519,1726.529,2542.51,2265.148,1820.333,2177.039,,1997.192,3028.412,,1560.885,1630.346,1806.346,1569.212
28.5,3742.02,2231.808,2382.019,2692.34,3481.691,3093.077,2970.308,2290.83,2724.385,3222.925,3031.481,,1846.615,1497.865,1774.075,,2999.396,2395.827,1831.462,2181.327,,2036.745,3126.537,,1654.096,1499.942,1611.231,1523.404
29,3494.094,1996.075,2452,2898.765,3752.51,2926.289,3004.404,2529.135,2758.431,3390.481,3302.192,,1870.346,,1488.269,,2761.365,2343.226,1937.434,2061.648,,1917.882,3207.778,,1579.462,1474,1599.212,1538.885
29.5,4113.891,2060.173,2582.893,2803.846,3637.531,2968.596,3327.472,2086.692,2921,3447.961,2929.096,,1930.607,,1598.538,,2782.132,2577.038,1831.451,2035.113,,1856.208,3556.944,,1723.577,1452.231,1877.9,1588.096
30,4028.596,2053.615,2465.572,2891.868,3936.404,2916.245,3692.577,2075.667,2543.539,3896.74,2836.412,,1788.02,,1784.673,,2729.453,2282.769,1851.453,2177.189,,2132.075,3486.519,,1475.038,1545.788,1562.83,1747.038
30.5,3956.211,2191.444,2379.232,2693.83,3722.789,3034.157,3443.604,2169.667,3174.529,3735.404,2523.692,,,,1990.808,,2948,2574.75,1827.019,2122.868,,2292.961,3381.593,,1533.577,1561.712,1636.177,1585.442
31,3408.34,2082.059,2161.321,2689.722,4109.961,2956.925,3474.774,2059.655,3063.942,3367.019,2542.211,,,,1953.075,,2830.611,2468.942,1843.216,1907.48,,2101.192,3194.83,,1441.192,1470.094,1671.778,1460.019
31.5,3426.385,2225.925,2470.808,2553.346,4110.615,3078,3061.321,2020.667,3233.981,3642.539,2548.769,,,,1877.481,,3128.019,2453.577,1808.385,2005.385,,2113.75,4104.096,,1524.365,1673.792,1686.704,1546.692
32,4078.654,2125.096,2394.961,2708.358,4201.423,3123.404,3126.34,2396.51,3265.02,3390.02,2490,,,,1812.902,,2574.588,2772.058,1697.294,2343.539,,2096.889,4260.174,,1472.115,1609.434,1569.288,1671.404
32.5,3903.635,1870.882,2445.569,2893.654,4024.019,3183.019,3010.918,2294.519,3111.808,3246.539,2356,,,,1992.442,,3470.654,3022.274,1838.481,2094.289,,1956.453,4591.174,,1589.25,1632.66,1677.151,1407.5
33,3789.906,2099.46,2592.154,2321.461,3846.059,3099.075,3352.38,2499.019,2979.654,3361.192,2318.51,,,,2042.635,,3561.726,2672.962,1842.51,2217.039,,1912.288,4061.5,,1500.135,1483.226,1795.038,1511.385
33.5,4336.509,1959.115,2780.308,2545.185,4000.25,2834.377,3319.2,2299.151,3028.98,3340.315,2169.154,,,,1744.039,,3224.308,2683.865,1750.5,2210.711,,2010.404,4481.519,,1677.788,1423.491,1787.75,1513.75
34,4468.789,2038.615,3170.922,2853.211,3307.822,2802.404,3012.481,2200.415,2540.02,3242.373,2283.635,,,,1806.235,,3791.077,2759.481,1831.442,2335.472,,1987.66,4222.547,,1493.25,1607.962,1578.66,1523.885
34.5,4277.269,2116.135,3051.453,2518.963,3459.673,2828.76,3282,2595.981,2416.157,3344.019,2199.889,,,,1852.154,,3204.308,2593.451,1773.647,2443.774,,1950.698,4107.491,,1635.25,1532.566,1725.923,1609.269
35,4667.481,2102.039,2678.823,2284.189,3421.981,2691.642,2984,2469.226,2169.077,3089.196,2151.887,,,,1990.654,,2130.14,2314.647,1874.25,2585.642,,2012.712,4029.415,,1604.577,1478.113,1780.135,1570.577
35.5,4293.769,2012.346,2985.711,2242.519,2982.75,2978.461,3414.178,2555.731,2148.216,3328,2199.942,,,,1795.887,,,2646.98,1901.717,2581.231,,2493.906,4007.865,,1562.942,1544.615,1824.673,1526.481
36,4426.082,1978.365,2849.154,2339.259,2576.226,2761.66,3115.911,2343.6,2193.208,3270.26,2228.539,,,,1749.925,,,2264.453,1779.849,2663.461,,2173.019,3570.19,,1715.942,1502.096,1748.558,1635.692
36.5,3869.283,1921.346,2638.423,2512.231,1982.385,2946.647,3288.077,2481.654,2066.314,3209.865,2213.231,,,,1895.731,,,2633.981,1591.923,,,2436.885,2872.771,,1527,1577.885,1770.231,1487.5
37,4463.773,1964.679,2267.471,2247.741,2245.51,2825.808,3316.113,2584.75,2317.686,2948.255,2366.827,,,,1983.8,,,2838.058,,,,2177.539,2384.078,,1601.096,1545.25,1783.865,1615.596
37.5,3751.863,1991.962,2486.711,2260.235,2188.673,2711.745,3067.547,2379.528,2335.961,3141.404,2118.283,,,,1996.365,,,2443.185,,,,2378.911,2304.98,,1659.692,1741.596,1756.25,1464.519
38,3800.333,2068.808,2317.566,2441.627,2028.214,2437.741,3130.177,2434.857,1990.365,3058.269,2501.286,,,,,,,2934.673,,,,2346.255,2523.461,,1602.981,1557,1730.058,1465.192
38.5,3691.404,2155,2321.654,2105.846,2090.75,2482.673,2778.627,2494.49,2118.566,2348.51,2786.66,,,,,,,2864.961,,,,2402.911,2489.389,,1393.558,1473.673,1913.692,1533.635
39,3529.25,1974.208,2456.981,2004,2094.808,3028.135,2892.289,2179.442,2099.566,2848.226,2116.529,,,,,,,2996.135,,,,2371.731,2611.925,,1482.481,1506.058,1668.673,1453.365
39.5,3287.135,1892.942,2643.346,2106.415,1973.788,2429.283,3256.608,2312.019,1840.472,2546.461,2480.577,,,,,,,1994.769,,,,2263.539,2866.736,,1608.481,1633.423,1558.058,1616.173
40,3127.327,1975.5,2479.539,2247.623,1826.868,2385.539,3386.289,2159.943,1860.769,2654.692,2165.961,,,,,,,2403.731,,,,2086.679,2682.789,,1639.673,1631.154,1800.426,1576.346
40.5,2760.192,1857.192,2346.679,1874.942,,2288.51,3484.1,2138.558,2139.231,2629.423,2311.392,,,,,,,2356.981,,,,2030.882,2258.962,,1394.673,1613.346,1734.5,1539.558
41,2854.077,1802.549,2531.885,1918.732,,2269.74,2829.5,2056.5,1975.741,2320.882,2215.154,,,,,,,2100.52,,,,1972.377,2301.654,,1368.226,1476.673,1560.135,1464.442
41.5,3045.327,1839.481,2476.635,2231.885,,,3159.726,2105.635,2113.037,2065.943,1989.94,,,,,,,2432.75,,,,2050.25,2222.019,,1583.346,1502.385,1627.212,1586.442
42,2589.8,1872.943,2530.885,2206.365,,,3484.654,2160.096,1832.558,2340.019,1976.451,,,,,,,2706.635,,,,1893.849,2529.885,,1419.385,1507.154,1652.519,1479.269
42.5,2601,1837.926,2501.849,2395.37,,,3294.519,1996.623,1843.037,2002.404,1931.321,,,,,,,2522.75,,,,1776.906,2563.569,,1451.25,1567.846,1638.192,1588.231
43,2371.549,1832.192,2527.231,2194.264,,,3642.211,2112.241,,1952.019,1980.827,,,,,,,2314.823,,,,1773.412,2064.692,,1552.827,1615.308,1680.462,1439.566
43.5,2362.549,1780.404,2624.333,2070.135,,,3361.925,2444.925,,2127.365,2034.962,,,,,,,2309.539,,,,1776.442,2240.154,,1681.5,1594.538,1640.118,1628.385
44,2235.647,1767.788,2366.885,2321.588,,,3337.887,2045.558,,2326.528,1829.039,,,,,,,2113.679,,,,1956.808,2117.596,,1498.231,1582.269,1773.212,1397.769
44.5,2105.192,,2174.577,2160.059,,,2925.706,2251,,2006.882,1877.442,,,,,,,2199.021,,,,1751.538,2246.118,,1604.788,1432.846,1696.365,1423.736
45,2200.451,,2176.577,2039.177,,,2765.941,2092.481,,2100.804,2016.784,,,,,,,2136.904,,,,1774.038,2116.404,,1437.961,1609.654,1786.906,1417.725
45.5,2328.078,,2395.902,2187.648,,,2693.5,2024.604,,2348.211,2027.692,,,,,,,2155.151,,,,1873.519,2039.327,,1651.196,1550.038,1770.712,1625.255
46,2183.226,,2577.226,2205.24,,,2730.577,2196.75,,2119.769,2028.365,,,,,,,1897.039,,,,1935.226,2237.519,,1423.321,1567.981,1809.346,1475.275
46.5,2153.627,,2446.019,2291.333,,,2834.365,2184.789,,2092.558,1960.491,,,,,,,2185.843,,,,1867.196,1728.54,,1351.623,1460.712,1861.481,1541.231
47,2327.404,,2321.704,2259.404,,,2953.654,2547.711,,,1959.462,,,,,,,2310.471,,,,1811,1792.25,,1494.321,1514.615,1727.596,1566.442
47.5,2116.231,,2488.096,2236.711,,,2808.353,2469.596,,,2210.365,,,,,,,2324.627,,,,1932.712,,,1509.604,1419.173,1691.135,1484.731
48,1942.49,,2370.558,2174.216,,,3028,2504.519,,,2266.058,,,,,,,1936.5,,,,1673.019,,,1311.66,1496.731,1663.346,1286.288
48.5,1893.196,,2498.604,2088.792,,,2877.077,3208.941,,,2039.235,,,,,,,2143.442,,,,1839.208,,,1569.132,1532.154,1631.346,1561.481
49,1725.722,,2163.714,2039.038,,,3079.269,3273.904,,,2110.154,,,,,,,2348.442,,,,1952.712,,,1399.434,1358.096,1658.75,1475.404
49.5,1702.365,,2565.25,2034.963,,,3306.077,3074.177,,,2129.615,,,,,,,2307,,,,1888.462,,,1600.096,1581.904,1462.365,1485.885
50,1854.135,,2584.902,2100.981,,,2742.711,2630.885,,,2127.173,,,,,,,2161.654,,,,1928.404,,,1424.5,1381.173,1681.212,1543.635
50.5,1743.115,,2300.706,2571.863,,,2755.49,2179.904,,,1945.558,,,,,,,2347.211,,,,1994.654,,,1514.808,1331.962,1648.804,1413.962
51,1984.385,,2455.906,2534.941,,,3041.264,2188.34,,,1881.404,,,,,,,2235.115,,,,,,,1711.192,1407.923,1601.904,1430.115
51.5,1890.942,,2351.808,2286.415,,,2771.075,2182.453,,,2078.177,,,,,,,2233.98,,,,,,,1514.577,1477.538,1546.604,1421.058
52,1751.769,,2169.289,2263.059,,,2490.49,2112.302,,,2074.789,,,,,,,,,,,,,,1531.75,1483.865,1692.556,1506.558
52.5,1817.173,,2400.51,2128.717,,,2421.654,1967.096,,,1848.647,,,,,,,,,,,,,,1400.269,1526.135,1601.804,1516.057
53,1720.423,,2580.365,2032.811,,,2720.885,1982.189,,,2071.269,,,,,,,,,,,,,,1553.212,1454.327,1757.288,1635.804
53.5,1602.596,,2391.765,2146.731,,,2728.392,1866.547,,,2007.623,,,,,,,,,,,,,,1401.615,1417.058,1881.82,1386.667
54,1706.654,,2144.539,2077.113,,,2650.808,2043.442,,,2159.34,,,,,,,,,,,,,,1400.308,1496.154,1788.736,1520.961
54.5,1872.589,,2526.25,2166.154,,,2814.173,1893.788,,,2232.865,,,,,,,,,,,,,,1556.788,1418.5,1808.667,1492.765
55,1665.393,,2661.453,2082.94,,,2720.774,1854.72,,,2003.788,,,,,,,,,,,,,,1433.863,1380.058,1790.759,1534.627
55.5,1747.208,,2790.321,2189.796,,,3213.333,1756.189,,,2023.792,,,,,,,,,,,,,,1435.02,1470.327,1746.37,1426.816
56,1660.302,,2695.34,2109.686,,,3100.686,1937.769,,,1990.902,,,,,,,,,,,,,,1446.078,1403.788,1813.593,1435.163
56.5,1660.061,,2863.451,2361.13,,,3052.604,1991.808,,,2014.333,,,,,,,,,,,,,,1455.941,1475.885,1633.346,1564.184
57,1686.531,,2659.135,2098.942,,,3494.804,1811.596,,,1900.038,,,,,,,,,,,,,,1572.275,1512.115,1584.942,1450.365
57.5,1703.865,,2923.961,2267.274,,,3080.34,1832.519,,,2050.157,,,,,,,,,,,,,,1388.843,1364.731,1666.407,1407.885
58,1690.333,,2914.942,2170.061,,,3189.235,1845.846,,,1991.481,,,,,,,,,,,,,,1578.588,1455.423,1577.712,1417.212
58.5,,,3275,2143.434,,,3724.396,1756.481,,,2024.577,,,,,,,,,,,,,,1616.118,1628.423,1574.058,1451.673
59,,,3236.039,2183.849,,,3572.373,,,,2004.038,,,,,,,,,,,,,,1493.569,1489.462,1639.5,1480.192
59.5,,,3417.192,,,,2889.717,,,,1888.415,,,,,,,,,,,,,,1498.647,1530.096,1516.226,1392.346
60,,,2892.434,,,,3764.231,,,,2030.717,,,,,,,,,,,,,,1673.569,1313.5,1749.585,1405.231
60.5,,,2893.434,,,,4059.577,,,,1972.235,,,,,,,,,,,,,,1475.275,1482.077,1621.827,1383.5
61,,,2520.539,,,,,,,,2010.453,,,,,,,,,,,,,,1437.039,1553.019,1619.558,1481.038
61.5,,,2623.481,,,,,,,,1719,,,,,,,,,,,,,,1548.275,1482.5,1723.75,1515.904
62,,,2528.593,,,,,,,,1834.463,,,,,,,,,,,,,,1531.588,1413.5,1561.509,1518.019
62.5,,,2275.039,,,,,,,,1954.078,,,,,,,,,,,,,,1492.392,1351.923,1539,1516.827
63,,,2522.094,,,,,,,,1889.137,,,,,,,,,,,,,,1395.941,1448.019,1571.615,1431.154
63.5,,,,,,,,,,,,,,,,,,,,,,,,,,,,
64,,,,,,,,,,,,,,,,,,,,,,,,,,,,
64.5,,,,,,,,,,,,,,,,,,,,,,,,,,,,
65,,,,,,,,,,,,,,,,,,,,,,,,,,,,
65.5,,,,,,,,,,,,,,,,,,,,,,,,,,,,
66,,,,,,,,,,,,,,,,,,,,,,,,,,,,
66.5,,,,,,,,,,,,,,,,,,,,,,,,,,,,
67,,,,,,,,,,,,,,,,,,,,,,,,,,,,
67.5,,,,,,,,,,,,,,,,,,,,,,,,,,,,
68,,,,,,,,,,,,,,,,,,,,,,,,,,,,
68.5,,,,,,,,,,,,,,,,,,,,,,,,,,,,
69,,,,,,,,,,,,,,,,,,,,,,,,,,,,
69.5,,,,,,,,,,,,,,,,,,,,,,,,,,,,